file,name,encrypted,pages,chars,error
C:\Users\user\Downloads\PI_20260702215722511.pdf,PI_20260702215722511.pdf,True,37,116342,
C:\Users\user\Downloads\PI_20260702215741508.pdf,PI_20260702215741508.pdf,True,37,116699,
C:\Users\user\Downloads\PI_20260702215800724.pdf,PI_20260702215800724.pdf,True,37,116691,
C:\Users\user\Downloads\PI_20260702215817873.pdf,PI_20260702215817873.pdf,True,37,115175,
C:\Users\user\Downloads\PI_20260702215830730.pdf,PI_20260702215830730.pdf,True,37,115155,
C:\Users\user\Downloads\PI_20260702215858010.pdf,PI_20260702215858010.pdf,True,37,115083,
C:\Users\user\Downloads\PI_20260702215911276.pdf,PI_20260702215911276.pdf,True,37,115719,
C:\Users\user\Downloads\PI_20260702215923683.pdf,PI_20260702215923683.pdf,True,37,115805,
C:\Users\user\Downloads\PI_20260702215937032.pdf,PI_20260702215937032.pdf,True,37,115905,
C:\Users\user\Downloads\PI_20260702215951877.pdf,PI_20260702215951877.pdf,True,37,115958,
C:\Users\user\Downloads\PI_20260702220004030.pdf,PI_20260702220004030.pdf,True,37,115886,
C:\Users\user\Downloads\PI_20260702220017139.pdf,PI_20260702220017139.pdf,True,37,116298,
C:\Users\user\Downloads\PI_20260702220032726.pdf,PI_20260702220032726.pdf,True,37,116342,
C:\Users\user\Downloads\PI_20260702220044924.pdf,PI_20260702220044924.pdf,True,37,116687,
C:\Users\user\Downloads\PI_20260702220101861.pdf,PI_20260702220101861.pdf,True,37,116630,
