scenario_id,source_pdf,life_insured_age,premium_payment_term,premium_payment_term_number,income_start_year,initial_planned_premium,initial_total_planned_premium,initial_monthly_income_annualized,initial_monthly_income_annualized_per_100k_total_premium,initial_monthly_income_per_100k_total_premium,current_illustrated_yield_pct_pa,guaranteed_illustrated_yield_pct_pa,current_row_count,guaranteed_row_count,income_row_count,deduction_row_count,scenario_key,deduction_table_income_option
SII-001,PI_20260702205133741.pdf;PI_20260702211711162.pdf,46,single,1,2,100000.0,100000.0,869.0,869.0,72.41666666666667,4.53,-1.26,79,79,24,16,a46-t1-s02-p100000,Accumulated
SII-002,PI_20260702205419811.pdf,46,single,1,4,100000.0,100000.0,4785.0,4785.0,398.75,4.55,-1.26,79,79,24,16,a46-t1-s04-p100000,Accumulated
SII-003,PI_20260702215817873.pdf,56,single,1,4,100000.0,100000.0,4785.0,4785.0,398.75,4.55,-1.26,69,69,24,16,a56-t1-s04-p100000,Accumulated
SII-004,PI_20260702210350249.pdf,46,single,1,5,100000.0,100000.0,5071.0,5071.0,422.5833333333333,4.6,-1.26,79,79,24,16,a46-t1-s05-p100000,Accumulated
SII-005,PI_20260702210953719.pdf,46,single,1,6,100000.0,100000.0,5375.0,5375.0,447.9166666666667,4.65,-1.26,79,79,24,16,a46-t1-s06-p100000,Accumulated
SII-006,PI_20260702211008104.pdf,46,single,1,7,100000.0,100000.0,5697.0,5697.0,474.75,4.69,-1.26,79,79,24,16,a46-t1-s07-p100000,Accumulated
SII-007,PI_20260702211043196.pdf,46,single,1,8,100000.0,100000.0,6038.0,6038.0,503.1666666666667,4.73,-1.26,79,79,24,16,a46-t1-s08-p100000,Accumulated
SII-008,PI_20260702211128980.pdf,46,single,1,9,100000.0,100000.0,6399.0,6399.000000000001,533.25,4.77,-1.26,79,79,24,16,a46-t1-s09-p100000,Accumulated
SII-009,PI_20260702215830730.pdf,56,single,1,9,100000.0,100000.0,6399.0,6399.000000000001,533.25,4.77,-1.26,69,69,24,16,a56-t1-s09-p100000,Accumulated
SII-010,PI_20260702215858010.pdf,56,single,1,14,100000.0,100000.0,8557.0,8557.0,713.0833333333334,4.93,-1.26,69,69,24,16,a56-t1-s14-p100000,Accumulated
SII-011,PI_20260702211357295.pdf,46,2,2,4,100000.0,200000.0,9254.0,4627.0,385.5833333333333,4.5,-1.28,79,79,24,16,a46-t2-s04-p200000,Accumulated
SII-012,PI_20260702211345146.pdf,46,2,2,5,100000.0,200000.0,9808.0,4904.0,408.66666666666674,4.56,-1.28,79,79,24,16,a46-t2-s05-p200000,Accumulated
SII-013,PI_20260702211332056.pdf,46,2,2,6,100000.0,200000.0,10395.0,5197.5,433.125,4.61,-1.28,79,79,24,16,a46-t2-s06-p200000,Accumulated
SII-014,PI_20260702211319565.pdf,46,2,2,7,100000.0,200000.0,11018.0,5509.0,459.0833333333333,4.65,-1.28,79,79,24,16,a46-t2-s07-p200000,Accumulated
SII-015,PI_20260702211307674.pdf,46,2,2,8,100000.0,200000.0,11677.0,5838.5,486.54166666666674,4.69,-1.28,79,79,24,16,a46-t2-s08-p200000,Accumulated
SII-016,PI_20260702211232475.pdf,46,2,2,9,100000.0,200000.0,12376.0,6188.0,515.6666666666666,4.73,-1.28,79,79,24,16,a46-t2-s09-p200000,Accumulated
SII-017,PI_20260702211156695.pdf,46,2,2,10,100000.0,200000.0,13116.0,6558.0,546.5,4.77,-1.28,79,79,24,16,a46-t2-s10-p200000,Accumulated
SII-018,PI_20260702215937032.pdf,56,4,4,3,100000.0,400000.0,1229.0,307.25,25.604166666666668,4.42,-1.31,69,69,24,16,a56-t4-s03-p400000,Accumulated
SII-019,PI_20260702215923683.pdf,56,4,4,9,100000.0,400000.0,23147.0,5786.75,482.22916666666663,4.66,-1.31,69,69,24,16,a56-t4-s09-p400000,Accumulated
SII-020,PI_20260702215911276.pdf,56,4,4,14,100000.0,400000.0,30953.0,7738.250000000001,644.8541666666666,4.83,-1.31,69,69,24,16,a56-t4-s14-p400000,Accumulated
SII-021,PI_20260702211520740.pdf,46,5,5,3,100000.0,500000.0,970.0,194.0,16.166666666666664,4.4,-1.33,79,79,24,16,a46-t5-s03-p500000,Accumulated
SII-022,PI_20260702211421720.pdf,46,5,5,4,100000.0,500000.0,10681.0,2136.2,178.01666666666668,4.4,-1.33,79,79,24,16,a46-t5-s04-p500000,Accumulated
SII-023,PI_20260702211507059.pdf,46,5,5,6,100000.0,500000.0,23504.0,4700.8,391.73333333333335,4.47,-1.33,79,79,24,16,a46-t5-s06-p500000,Accumulated
SII-024,PI_20260702211534464.pdf,46,5,5,13,100000.0,500000.0,35305.0,7061.000000000001,588.4166666666667,4.77,-1.33,79,79,24,16,a46-t5-s13-p500000,Accumulated
SII-025,PI_20260702211545993.pdf,46,5,5,19,100000.0,500000.0,50033.0,10006.6,833.8833333333333,4.94,-1.33,79,79,24,16,a46-t5-s19-p500000,Accumulated
SII-026,PI_20260702215951877.pdf,56,8,8,6,100000.0,800000.0,18884.0,2360.5,196.70833333333331,4.37,-1.39,69,69,24,16,a56-t8-s06-p800000,Accumulated
SII-027,PI_20260702220004030.pdf,56,8,8,10,100000.0,800000.0,42921.0,5365.125,447.09375,4.53,-1.39,69,69,24,16,a56-t8-s10-p800000,Accumulated
SII-028,PI_20260702220017139.pdf,56,8,8,15,100000.0,800000.0,57396.0,7174.5,597.875,4.73,-1.39,69,69,24,16,a56-t8-s15-p800000,Accumulated
SII-029,PI_20260702211600092.pdf,46,10,10,4,100000.0,1000000.0,3823.0,382.3,31.85833333333333,4.29,-1.43,79,79,24,16,a46-t10-s04-p1000000,Accumulated
SII-030,PI_20260702215722511.pdf;PI_20260702220032726.pdf,56,10,10,4,100000.0,1000000.0,3823.0,382.3,31.85833333333333,4.29,-1.43,69,69,24,16,a56-t10-s04-p1000000,Accumulated
SII-031,PI_20260702211612275.pdf,46,10,10,9,100000.0,1000000.0,36833.0,3683.2999999999997,306.94166666666666,4.4,-1.43,79,79,24,16,a46-t10-s09-p1000000,Accumulated
SII-032,PI_20260702215741508.pdf,56,10,10,9,100000.0,1000000.0,36833.0,3683.2999999999997,306.94166666666666,4.4,-1.43,69,69,24,16,a56-t10-s09-p1000000,Accumulated
SII-033,PI_20260702220044924.pdf,56,10,10,10,100000.0,1000000.0,44758.0,4475.8,372.98333333333335,4.44,-1.43,69,69,24,16,a56-t10-s10-p1000000,Accumulated
SII-034,PI_20260702215800724.pdf,56,10,10,14,100000.0,1000000.0,63283.0,6328.3,527.3583333333333,4.61,-1.43,69,69,24,16,a56-t10-s14-p1000000,Accumulated
SII-035,PI_20260702211645472.pdf,46,10,10,15,100000.0,1000000.0,67070.0,6707.000000000001,558.9166666666666,4.65,-1.43,79,79,24,16,a46-t10-s15-p1000000,Accumulated
SII-036,PI_20260702220101861.pdf,56,10,10,20,100000.0,1000000.0,89685.0,8968.5,747.375,4.8,-1.43,69,69,24,16,a56-t10-s20-p1000000,Accumulated
