source_pdf,status,message,field_count
PI_20260610232612170.pdf,parsed,,51
PI_20260610232632950.pdf,parsed,,51
PI_20260610232648465.pdf,parsed,,51
PI_20260610232704463.pdf,parsed,,40
PI_20260610232724610.pdf,parsed,,40
PI_20260610232751428.pdf,parsed,,51
PI_20260610232807393.pdf,parsed,,51
PI_20260610232823308.pdf,parsed,,51
PI_20260610232848089.pdf,parsed,,51
PI_20260610232907656.pdf,parsed,,51
PI_20260610232921970.pdf,parsed,,51
PI_20260610232937082.pdf,parsed,,40
PI_20260610232957588.pdf,parsed,,51
PI_20260610233012578.pdf,parsed,,51
PI_20260610233026759.pdf,parsed,,51
PI_20260610233042604.pdf,parsed,,40
PI_20260610233100050.pdf,parsed,,40
PI_20260610233113456.pdf,parsed,,51
PI_20260610233128096.pdf,parsed,,51
PI_20260610233143210.pdf,parsed,,51
PI_20260610233205207.pdf,parsed,,51
PI_20260610233226659.pdf,parsed,,51
PI_20260610233239854.pdf,parsed,,51
PI_20260610233253985.pdf,parsed,,51
PI_20260610233309125.pdf,parsed,,40
PI_20260610233326005.pdf,parsed,,40
PI_20260610233340499.pdf,parsed,,51
PI_20260610233354388.pdf,parsed,,51
PI_20260610233440842.pdf,parsed,,51
PI_20260610233454841.pdf,parsed,,51
PI_20260610233509661.pdf,parsed,,51
PI_20260610233525371.pdf,parsed,,51
PI_20260610233539267.pdf,parsed,,51
PI_20260610233553543.pdf,parsed,,51
PI_20260610233607427.pdf,parsed,,40
PI_20260610233623014.pdf,parsed,,40
PI_20260610233640429.pdf,parsed,,51
PI_20260610233655245.pdf,parsed,,51
PI_20260610233711769.pdf,parsed,,51
PI_20260610233726034.pdf,parsed,,51
PI_20260610233742614.pdf,parsed,,51
PI_20260610233757093.pdf,parsed,,51
PI_20260610233811472.pdf,parsed,,51
PI_20260610233915893.pdf,parsed,,51
PI_20260610233951518.pdf,parsed,,40
PI_20260610234026287.pdf,parsed,,51
PI_20260610234039642.pdf,parsed,,51
PI_20260610234053768.pdf,parsed,,51
PI_20260610234111157.pdf,parsed,,51
PI_20260610234126203.pdf,parsed,,40
PI_20260610234143902.pdf,parsed,,40
PI_20260610234200464.pdf,parsed,,51
PI_20260610234319409.pdf,parsed,,51
PI_20260610234336514.pdf,parsed,,51
PI_20260610234353386.pdf,parsed,,51
PI_20260610234411907.pdf,parsed,,51
PI_20260610234426141.pdf,parsed,,51
PI_20260610234442077.pdf,parsed,,51
PI_20260610234457507.pdf,parsed,,51
PI_20260610234513588.pdf,parsed,,40
PI_20260610234533727.pdf,parsed,,40
PI_20260610234548480.pdf,parsed,,51
PI_20260610234604354.pdf,parsed,,51
PI_20260610234622503.pdf,parsed,,51
PI_20260610234639073.pdf,parsed,,51
PI_20260610234729319.pdf,parsed,,51
PI_20260610234745453.pdf,parsed,,51
PI_20260610234759378.pdf,parsed,,51
PI_20260610234812822.pdf,parsed,,51
PI_20260610234827728.pdf,parsed,,40
PI_20260610234845576.pdf,parsed,,40
PI_20260610234902526.pdf,parsed,,51
PI_20260610234916293.pdf,parsed,,51
PI_20260610234932568.pdf,parsed,,51
PI_20260610234948038.pdf,parsed,,51
PI_20260610235003364.pdf,parsed,,51
PI_20260610235108912.pdf,parsed,,51
PI_20260610235128612.pdf,parsed,,51
PI_20260610235142517.pdf,parsed,,51
PI_20260610235158142.pdf,parsed,,40
PI_20260610235214427.pdf,parsed,,51
PI_20260610235229251.pdf,parsed,,51
PI_20260610235242161.pdf,parsed,,51
PI_20260610235259303.pdf,parsed,,40
PI_20260610235316695.pdf,parsed,,40
PI_20260610235330765.pdf,parsed,,51
PI_20260610235344016.pdf,parsed,,51
PI_20260610235358883.pdf,parsed,,51
PI_20260610235415629.pdf,parsed,,51
PI_20260610235429666.pdf,parsed,,51
PI_20260610235443554.pdf,parsed,,51
PI_20260610235457853.pdf,parsed,,40
PI_20260610235518591.pdf,parsed,,51
PI_20260610235535999.pdf,parsed,,51
PI_20260610235549271.pdf,parsed,,51
PI_20260610235604533.pdf,parsed,,51
PI_20260610235621805.pdf,parsed,,40
PI_20260610235640379.pdf,parsed,,51
PI_20260610235655908.pdf,parsed,,51
PI_20260610235710040.pdf,parsed,,51
PI_20260610235724523.pdf,parsed,,51
PI_20260610235740981.pdf,parsed,,40
PI_20260610235756677.pdf,parsed,,40
PI_20260610235810971.pdf,parsed,,51
PI_20260610235854568.pdf,parsed,,51
PI_20260610235908656.pdf,parsed,,51
PI_20260610235921002.pdf,parsed,,51
PI_20260610235936106.pdf,parsed,,51
PI_20260610235949600.pdf,parsed,,51
PI_20260611000003719.pdf,parsed,,51
PI_20260611000023179.pdf,parsed,,51
PI_20260611000039412.pdf,parsed,,40
PI_20260611000703967.pdf,parsed,,40
PI_20260611000730113.pdf,parsed,,51
PI_20260611000746289.pdf,parsed,,51
PI_20260611000810114.pdf,parsed,,51
PI_20260611000823490.pdf,parsed,,51
PI_20260611000839195.pdf,parsed,,51
PI_20260611000855645.pdf,parsed,,51
PI_20260611001200767.pdf,parsed,,51
PI_20260611001217077.pdf,parsed,,40
PI_20260611001303577.pdf,parsed,,40
PI_20260611001317465.pdf,parsed,,51
PI_20260611001330671.pdf,parsed,,51
PI_20260611001345779.pdf,parsed,,51
PI_20260611001358706.pdf,parsed,,51
PI_20260611001414414.pdf,parsed,,51
PI_20260611001427450.pdf,parsed,,51
PI_20260611001448485.pdf,parsed,,51
PI_20260611001503783.pdf,parsed,,51
PI_20260611001521266.pdf,parsed,,40
PI_20260611001551247.pdf,parsed,,51
PI_20260611001615743.pdf,parsed,,51
PI_20260611001629971.pdf,parsed,,51
PI_20260611001643667.pdf,parsed,,51
PI_20260611001700520.pdf,parsed,,40
PI_20260611001722547.pdf,parsed,,51
PI_20260611001736237.pdf,parsed,,51
PI_20260611001749984.pdf,parsed,,51
PI_20260611001810299.pdf,parsed,,51
PI_20260611001824907.pdf,parsed,,40
PI_20260611001849014.pdf,parsed,,46
PI_20260611001900918.pdf,parsed,,46
PI_20260611001912358.pdf,parsed,,46
PI_20260611001924643.pdf,parsed,,35
PI_20260611002007234.pdf,parsed,,35
PI_20260611002020560.pdf,parsed,,46
PI_20260611002032772.pdf,parsed,,46
PI_20260611002047138.pdf,parsed,,46
PI_20260611002102372.pdf,parsed,,46
PI_20260611002114684.pdf,parsed,,46
PI_20260611002125428.pdf,parsed,,46
PI_20260611002141455.pdf,parsed,,35
PI_20260611002157186.pdf,parsed,,35
PI_20260611002209718.pdf,parsed,,46
PI_20260611002221799.pdf,parsed,,46
PI_20260611002233997.pdf,parsed,,46
PI_20260611002246017.pdf,parsed,,46
PI_20260611002257162.pdf,parsed,,46
PI_20260611002346458.pdf,parsed,,46
PI_20260611002359260.pdf,parsed,,35
PI_20260611002424891.pdf,parsed,,46
PI_20260611002440436.pdf,parsed,,46
PI_20260611002451629.pdf,parsed,,46
PI_20260611002504519.pdf,parsed,,35
PI_20260611002519276.pdf,parsed,,35
PI_20260611002530509.pdf,parsed,,46
PI_20260611002541387.pdf,parsed,,46
PI_20260611002552100.pdf,parsed,,46
PI_20260611002606265.pdf,parsed,,46
PI_20260611002620428.pdf,parsed,,46
PI_20260611002632784.pdf,parsed,,46
PI_20260611002646256.pdf,parsed,,35
PI_20260611002703129.pdf,parsed,,35
PI_20260611002721437.pdf,parsed,,46
PI_20260611002732155.pdf,parsed,,46
PI_20260611002745617.pdf,parsed,,46
PI_20260611002759246.pdf,parsed,,46
PI_20260611002810349.pdf,parsed,,46
PI_20260611002822242.pdf,parsed,,46
PI_20260611002836283.pdf,parsed,,35
RRP missing/PI_20260611005639488.pdf,parsed,,51
RRP missing/PI_20260611005652260.pdf,parsed,,51
RRP missing/PI_20260611005705183.pdf,parsed,,51
RRP missing/PI_20260611005719222.pdf,parsed,,51
RRP missing/PI_20260611005734318.pdf,parsed,,40
